<?xml version="1.0" encoding="utf-8"?>
<ArrayOfDrink xmlns:xsi="http://www.w3.org/2001/XMLSchema-instance" xmlns:xsd="http://www.w3.org/2001/XMLSchema">
  <Drink>
    <Id>1</Id>
    <Name>Primus</Name>
    <ImageString>C:\Users\ChiroAbele\Documents\Beursfuif\Assets\26-10-2013-054016.png</ImageString>
    <Available>true</Available>
    <InitialPrice>14</InitialPrice>
    <MiniumPrice>14</MiniumPrice>
    <MaximumPrice>14</MaximumPrice>
    <CurrentPrice>14</CurrentPrice>
    <BigRise>1.3</BigRise>
    <SmallRise>1.1</SmallRise>
    <BigDecrease>0.7</BigDecrease>
    <SmallDecrease>0.9</SmallDecrease>
    <OverrideFactor>0</OverrideFactor>
    <PriceFactor>SMALL_RISE</PriceFactor>
  </Drink>
  <Drink>
    <Id>2</Id>
    <Name>Kriek</Name>
    <ImageString>C:\Users\ChiroAbele\Documents\Beursfuif\Assets\26-10-2013-054322.png</ImageString>
    <Available>true</Available>
    <InitialPrice>14</InitialPrice>
    <MiniumPrice>10</MiniumPrice>
    <MaximumPrice>20</MaximumPrice>
    <CurrentPrice>14</CurrentPrice>
    <BigRise>1.3</BigRise>
    <SmallRise>1.08</SmallRise>
    <BigDecrease>0.7</BigDecrease>
    <SmallDecrease>0.92</SmallDecrease>
    <OverrideFactor>0</OverrideFactor>
    <PriceFactor>BIG_DECREASE</PriceFactor>
  </Drink>
  <Drink>
    <Id>3</Id>
    <Name>Bernardus trippel</Name>
    <ImageString>C:\Users\ChiroAbele\Documents\Beursfuif\Assets\26-10-2013-054446.png</ImageString>
    <Available>true</Available>
    <InitialPrice>20</InitialPrice>
    <MiniumPrice>20</MiniumPrice>
    <MaximumPrice>26</MaximumPrice>
    <CurrentPrice>22</CurrentPrice>
    <BigRise>1.2</BigRise>
    <SmallRise>1.08</SmallRise>
    <BigDecrease>0.8</BigDecrease>
    <SmallDecrease>0.92</SmallDecrease>
    <OverrideFactor>0</OverrideFactor>
    <PriceFactor>SMALL_RISE</PriceFactor>
  </Drink>
  <Drink>
    <Id>4</Id>
    <Name>Sint bernardus Prior</Name>
    <ImageString>C:\Users\ChiroAbele\Documents\Beursfuif\Assets\26-10-2013-054633.png</ImageString>
    <Available>true</Available>
    <InitialPrice>20</InitialPrice>
    <MiniumPrice>20</MiniumPrice>
    <MaximumPrice>26</MaximumPrice>
    <CurrentPrice>22</CurrentPrice>
    <BigRise>1.2</BigRise>
    <SmallRise>1.08</SmallRise>
    <BigDecrease>0.8</BigDecrease>
    <SmallDecrease>0.92</SmallDecrease>
    <OverrideFactor>0</OverrideFactor>
    <PriceFactor>SMALL_RISE</PriceFactor>
  </Drink>
  <Drink>
    <Id>5</Id>
    <Name>Hommelbier</Name>
    <ImageString>C:\Users\ChiroAbele\Documents\Beursfuif\Assets\26-10-2013-054820.png</ImageString>
    <Available>true</Available>
    <InitialPrice>17</InitialPrice>
    <MiniumPrice>16</MiniumPrice>
    <MaximumPrice>24</MaximumPrice>
    <CurrentPrice>18</CurrentPrice>
    <BigRise>1.2</BigRise>
    <SmallRise>1.08</SmallRise>
    <BigDecrease>0.8</BigDecrease>
    <SmallDecrease>0.92</SmallDecrease>
    <OverrideFactor>0</OverrideFactor>
    <PriceFactor>SMALL_RISE</PriceFactor>
  </Drink>
  <Drink>
    <Id>6</Id>
    <Name>Tongerlo</Name>
    <ImageString>C:\Users\ChiroAbele\Documents\Beursfuif\Assets\26-10-2013-054947.png</ImageString>
    <Available>true</Available>
    <InitialPrice>15</InitialPrice>
    <MiniumPrice>15</MiniumPrice>
    <MaximumPrice>26</MaximumPrice>
    <CurrentPrice>17</CurrentPrice>
    <BigRise>1.25</BigRise>
    <SmallRise>1.08</SmallRise>
    <BigDecrease>0.75</BigDecrease>
    <SmallDecrease>0.92</SmallDecrease>
    <OverrideFactor>0</OverrideFactor>
    <PriceFactor>SMALL_RISE</PriceFactor>
  </Drink>
  <Drink>
    <Id>7</Id>
    <Name>Cola</Name>
    <ImageString>C:\Users\ChiroAbele\Documents\Beursfuif\Assets\26-10-2013-055051.png</ImageString>
    <Available>true</Available>
    <InitialPrice>14</InitialPrice>
    <MiniumPrice>13</MiniumPrice>
    <MaximumPrice>16</MaximumPrice>
    <CurrentPrice>16</CurrentPrice>
    <BigRise>1.25</BigRise>
    <SmallRise>1.08</SmallRise>
    <BigDecrease>0.75</BigDecrease>
    <SmallDecrease>0.92</SmallDecrease>
    <OverrideFactor>0</OverrideFactor>
    <PriceFactor>SMALL_RISE</PriceFactor>
  </Drink>
  <Drink>
    <Id>8</Id>
    <Name>Ice tea</Name>
    <ImageString>C:\Users\ChiroAbele\Documents\Beursfuif\Assets\26-10-2013-055211.png</ImageString>
    <Available>false</Available>
    <InitialPrice>16</InitialPrice>
    <MiniumPrice>15</MiniumPrice>
    <MaximumPrice>18</MaximumPrice>
    <CurrentPrice>16</CurrentPrice>
    <BigRise>1.12</BigRise>
    <SmallRise>1.08</SmallRise>
    <BigDecrease>0.88</BigDecrease>
    <SmallDecrease>0.92</SmallDecrease>
    <OverrideFactor>0</OverrideFactor>
    <PriceFactor>BIG_DECREASE</PriceFactor>
  </Drink>
  <Drink>
    <Id>9</Id>
    <Name>Water</Name>
    <ImageString>C:\Users\ChiroAbele\Documents\Beursfuif\Assets\26-10-2013-055341.png</ImageString>
    <Available>true</Available>
    <InitialPrice>12</InitialPrice>
    <MiniumPrice>12</MiniumPrice>
    <MaximumPrice>14</MaximumPrice>
    <CurrentPrice>14</CurrentPrice>
    <BigRise>1.27</BigRise>
    <SmallRise>1.08</SmallRise>
    <BigDecrease>0.73</BigDecrease>
    <SmallDecrease>0.92</SmallDecrease>
    <OverrideFactor>0</OverrideFactor>
    <PriceFactor>SMALL_RISE</PriceFactor>
  </Drink>
  <Drink>
    <Id>10</Id>
    <Name>Witte wijn</Name>
    <ImageString />
    <Available>true</Available>
    <InitialPrice>20</InitialPrice>
    <MiniumPrice>17</MiniumPrice>
    <MaximumPrice>25</MaximumPrice>
    <CurrentPrice>20</CurrentPrice>
    <BigRise>1.2</BigRise>
    <SmallRise>1.08</SmallRise>
    <BigDecrease>0.8</BigDecrease>
    <SmallDecrease>0.92</SmallDecrease>
    <OverrideFactor>0</OverrideFactor>
    <PriceFactor>BIG_DECREASE</PriceFactor>
  </Drink>
</ArrayOfDrink>